question_id,content,options,answer,skill_id_list,difficulty
Chg1_Q1_MCQ,"Theo giáo trình, E-Business (Kinh doanh điện tử) có phạm vi như thế nào so với E-Commerce (Thương mại điện tử)?","[""A. E-Business hẹp hơn E-Commerce"",""B. E-Business rộng hơn E-Commerce"",""C. E-Business và E-Commerce là một"",""D. E-Business không liên quan E-Commerce""]",B,"[""1.1_DinhNghia_EC_EB""]",easy
Chg1_Q2_MCQ,"Đâu là khác biệt chính về ""Phạm vi Thị trường"" giữa TMĐT và TMTT?","[""A. TMTT có phạm vi toàn cầu, TMĐT bị giới hạn địa lý"",""B. Cả hai đều có phạm vi toàn cầu"",""C. TMĐT có khả năng tiếp cận thị trường toàn cầu, TMTT thường bị giới hạn địa lý"",""D. Cả hai đều bị giới hạn địa lý""]",C,"[""1.2_KhacBiet_EC_TT""]",easy
Chg1_Q3_MCQ,"Mô hình nào mô tả giao dịch giữa các doanh nghiệp với nhau, thường có giá trị lớn và quy trình phức tạp?","[""A. B2C (Doanh nghiệp - Người tiêu dùng)"",""B. C2C (Người tiêu dùng - Người tiêu dùng)"",""C. B2B (Doanh nghiệp - Doanh nghiệp)"",""D. G2C (Chính phủ - Công dân)""]",C,"[""1.3_CacMoHinhCoBan""]",easy
Chg1_Q4_Essay,"(Câu hỏi tự luận) Phân tích 2 lợi ích và 2 hạn chế chính của TMĐT đối với Doanh nghiệp.","","",[""1.4_LoiIch_HanChe""],medium
Chg1_Q5_Essay,"(Câu hỏi tự luận) Trình bày 3 nhân tố mà bạn cho là quan trọng nhất góp phần vào thành công của một giao dịch TMĐT.","","",[""1.5_NhanToThanhCong""],medium

Chg2_Q1_MCQ,"Mạng riêng tư, sử dụng công nghệ Internet để phục vụ giao tiếp và chia sẻ thông tin trong nội bộ một tổ chức được gọi là gì?","[""A. Internet"",""B. Extranet"",""C. Intranet"",""D. LAN""]",C,"[""2.1_HaTangMang""]",easy
Chg2_Q2_MCQ,"Đâu là vai trò chính của CSS (Cascading Style Sheets) trong một website TMĐT?","[""A. Xử lý logic nghiệp vụ và kết nối CSDL"",""B. Cấu trúc nội dung của trang web (văn bản, hình ảnh)"",""C. Mô tả cách trình bày, định dạng (màu sắc, phông chữ, bố cục) của trang web"",""D. Xử lý các giao dịch thanh toán an toàn""]",C,"[""2.2_WebsiteTMDT""]",easy
Chg2_Q3_MCQ,"Tại Việt Nam, văn bản pháp lý nào được xem là ""xương sống"", quy định chi tiết về hoạt động của website TMĐT bán hàng và Sàn giao dịch TMĐT?","[""A. Luật Giao dịch Điện tử 2005"",""B. Nghị định 52/2013/NĐ-CP (và các nghị định sửa đổi)"",""C. Luật Quảng cáo"",""D. Luật An ninh mạng""]",B,"[""2.3_PhapLy""]",easy
Chg2_Q4_Essay,"(Câu hỏi tự luận) Trình bày vai trò của Tổ chức cung cấp dịch vụ chứng thực chữ ký điện tử (CA) và giá trị pháp lý của chữ ký số tại Việt Nam.","","",[""2.4_ChuKyDienTu""],medium
Chg2_Q5_Case_Essay,"(Tình huống Chic & Co.) Phân tích các vi phạm của công ty liên quan đến quy định về bảo vệ thông tin cá nhân của khách hàng.","","",[""2.3_PhapLy""],medium
